accuracy,auc,precision,recall,f1_score,val_accuracy,val_auc,seed
0.8152866242038217,0.8101469237832873,0.64,0.4444444444444444,0.5245901639344263,0.8333333333333334,0.8512584190003545,42
0.8471337579617835,0.8721303948576676,0.7307692307692307,0.5277777777777778,0.6129032258064516,0.8475177304964538,0.8750797589507266,123
0.89171974522293,0.8969237832874196,0.7714285714285715,0.75,0.7605633802816901,0.8297872340425532,0.8257355547678128,256
0.8152866242038217,0.859504132231405,0.6129032258064516,0.5277777777777778,0.5671641791044776,0.8581560283687943,0.8925203828429635,789
0.7961783439490446,0.8273645546372819,0.5526315789473685,0.5833333333333334,0.5675675675675675,0.7553191489361702,0.8014179369018078,1024
