Metric,Mean,Std Dev
Accuracy,0.8331210191082803,0.03752019484082328
AUC,0.8532139577594122,0.034752366078946
Precision,0.6615465213903244,0.08882389302856591
Recall,0.5666666666666667,0.11385500851066221
F1 Score,0.6065577033389226,0.09158161952746327
Val_Accuracy,0.824822695035461,0.04047837780177591
Val_AUC,0.8492024104927329,0.03668910020943284
