Metric,Value
Accuracy,0.9142857193946838
Precision (Positive),0.8703703703703703
Recall (Positive),0.8545454545454545
F1-Score (Positive),0.8623853211009175
AUC,0.941060606060606
