Metric,Value
Test_Accuracy,0.8152866242038217
Test_Precision (Positive),0.6129032258064516
Test_Recall (Positive),0.5277777777777778
Test_F1-Score (Positive),0.5671641791044776
Test_AUC,0.859504132231405
Val_Accuracy,0.8581560283687943
Val_AUC,0.8925203828429635
