Metric,Value
Test_Accuracy,0.8471337579617835
Test_Precision (Positive),0.7307692307692307
Test_Recall (Positive),0.5277777777777778
Test_F1-Score (Positive),0.6129032258064516
Test_AUC,0.8721303948576676
Val_Accuracy,0.8475177304964538
Val_AUC,0.8750797589507266
