Metric,Value
Accuracy,0.8571428656578064
Precision (Positive),0.8409090909090909
Recall (Positive),0.6727272727272727
F1-Score (Positive),0.7474747474747475
AUC,0.9137878787878788
