Metric,Value
Test_Accuracy,0.7961783439490446
Test_Precision (Positive),0.5526315789473685
Test_Recall (Positive),0.5833333333333334
Test_F1-Score (Positive),0.5675675675675675
Test_AUC,0.8273645546372819
Val_Accuracy,0.7553191489361702
Val_AUC,0.8014179369018078
