Metric,Value
Accuracy,0.8857142925262451
Precision (Positive),0.8070175438596491
Recall (Positive),0.8363636363636363
F1-Score (Positive),0.8214285714285714
AUC,0.9433333333333334
